{
  "Signout" : {
    "transaction" : "Signout",
    "sampleCount" : 100,
    "errorCount" : 0,
    "errorPct" : 0.0,
    "meanResTime" : 41.620000000000005,
    "medianResTime" : 28.0,
    "minResTime" : 11.0,
    "maxResTime" : 403.0,
    "pct1ResTime" : 68.80000000000001,
    "pct2ResTime" : 90.69999999999993,
    "pct3ResTime" : 402.95,
    "throughput" : 8.721437292865863,
    "receivedKBytesPerSec" : 1.7612363454997384,
    "sentKBytesPerSec" : 4.582161390197105
  },
  "Share Skill Add" : {
    "transaction" : "Share Skill Add",
    "sampleCount" : 100,
    "errorCount" : 0,
    "errorPct" : 0.0,
    "meanResTime" : 700.6999999999998,
    "medianResTime" : 142.0,
    "minResTime" : 32.0,
    "maxResTime" : 3075.0,
    "pct1ResTime" : 2807.9,
    "pct2ResTime" : 2994.0499999999997,
    "pct3ResTime" : 3074.83,
    "throughput" : 6.164088023176971,
    "receivedKBytesPerSec" : 1.3483942550699626,
    "sentKBytesPerSec" : 10.076839209763916
  },
  "Update Skills" : {
    "transaction" : "Update Skills",
    "sampleCount" : 100,
    "errorCount" : 0,
    "errorPct" : 0.0,
    "meanResTime" : 173.23999999999998,
    "medianResTime" : 125.5,
    "minResTime" : 44.0,
    "maxResTime" : 771.0,
    "pct1ResTime" : 325.30000000000007,
    "pct2ResTime" : 372.6499999999997,
    "pct3ResTime" : 770.8799999999999,
    "throughput" : 5.929088106249259,
    "receivedKBytesPerSec" : 1.2021457740424524,
    "sentKBytesPerSec" : 3.822582692250682
  },
  "Add Educatiom" : {
    "transaction" : "Add Educatiom",
    "sampleCount" : 100,
    "errorCount" : 0,
    "errorPct" : 0.0,
    "meanResTime" : 78.26999999999998,
    "medianResTime" : 58.5,
    "minResTime" : 24.0,
    "maxResTime" : 391.0,
    "pct1ResTime" : 153.9,
    "pct2ResTime" : 194.79999999999995,
    "pct3ResTime" : 390.0599999999995,
    "throughput" : 5.929088106249259,
    "receivedKBytesPerSec" : 1.1985558964781218,
    "sentKBytesPerSec" : 4.012440894402941
  },
  "Delete Education" : {
    "transaction" : "Delete Education",
    "sampleCount" : 100,
    "errorCount" : 0,
    "errorPct" : 0.0,
    "meanResTime" : 68.49,
    "medianResTime" : 42.5,
    "minResTime" : 14.0,
    "maxResTime" : 715.0,
    "pct1ResTime" : 84.60000000000002,
    "pct2ResTime" : 141.24999999999983,
    "pct3ResTime" : 714.9,
    "throughput" : 5.992329817833173,
    "receivedKBytesPerSec" : 1.2757108401246406,
    "sentKBytesPerSec" : 3.4818713296979866
  },
  "Categories" : {
    "transaction" : "Categories",
    "sampleCount" : 100,
    "errorCount" : 0,
    "errorPct" : 0.0,
    "meanResTime" : 2070.4299999999985,
    "medianResTime" : 1612.0,
    "minResTime" : 597.0,
    "maxResTime" : 4613.0,
    "pct1ResTime" : 4423.900000000001,
    "pct2ResTime" : 4444.7,
    "pct3ResTime" : 4612.089999999999,
    "throughput" : 6.980802792321117,
    "receivedKBytesPerSec" : 36.894633507853406,
    "sentKBytesPerSec" : 5.0447207678883075
  },
  "Add Description" : {
    "transaction" : "Add Description",
    "sampleCount" : 100,
    "errorCount" : 0,
    "errorPct" : 0.0,
    "meanResTime" : 150.72,
    "medianResTime" : 112.5,
    "minResTime" : 37.0,
    "maxResTime" : 803.0,
    "pct1ResTime" : 269.40000000000003,
    "pct2ResTime" : 372.7999999999997,
    "pct3ResTime" : 799.7999999999984,
    "throughput" : 6.0540016951204745,
    "receivedKBytesPerSec" : 1.3006644266860394,
    "sentKBytesPerSec" : 3.7719268373895143
  },
  "Delete Skills" : {
    "transaction" : "Delete Skills",
    "sampleCount" : 100,
    "errorCount" : 0,
    "errorPct" : 0.0,
    "meanResTime" : 47.559999999999974,
    "medianResTime" : 38.0,
    "minResTime" : 14.0,
    "maxResTime" : 160.0,
    "pct1ResTime" : 82.80000000000001,
    "pct2ResTime" : 120.69999999999993,
    "pct3ResTime" : 159.93999999999997,
    "throughput" : 5.97442944198829,
    "receivedKBytesPerSec" : 1.1273234929501732,
    "sentKBytesPerSec" : 3.8634838204982676
  },
  "Delete Language Request" : {
    "transaction" : "Delete Language Request",
    "sampleCount" : 100,
    "errorCount" : 0,
    "errorPct" : 0.0,
    "meanResTime" : 49.010000000000005,
    "medianResTime" : 35.5,
    "minResTime" : 17.0,
    "maxResTime" : 214.0,
    "pct1ResTime" : 99.00000000000006,
    "pct2ResTime" : 133.89999999999998,
    "pct3ResTime" : 213.88999999999993,
    "throughput" : 5.9662311317940455,
    "receivedKBytesPerSec" : 1.1469263655211503,
    "sentKBytesPerSec" : 3.460880168247718
  },
  "Delete Manage Listing" : {
    "transaction" : "Delete Manage Listing",
    "sampleCount" : 100,
    "errorCount" : 0,
    "errorPct" : 0.0,
    "meanResTime" : 226.60000000000002,
    "medianResTime" : 157.0,
    "minResTime" : 53.0,
    "maxResTime" : 988.0,
    "pct1ResTime" : 442.9,
    "pct2ResTime" : 634.5999999999999,
    "pct3ResTime" : 986.6799999999994,
    "throughput" : 7.6359193646915084,
    "receivedKBytesPerSec" : 1.4093640233659133,
    "sentKBytesPerSec" : 4.451800645235187
  },
  "Update Certifications" : {
    "transaction" : "Update Certifications",
    "sampleCount" : 100,
    "errorCount" : 0,
    "errorPct" : 0.0,
    "meanResTime" : 151.17,
    "medianResTime" : 118.5,
    "minResTime" : 58.0,
    "maxResTime" : 391.0,
    "pct1ResTime" : 266.30000000000007,
    "pct2ResTime" : 329.34999999999985,
    "pct3ResTime" : 390.91999999999996,
    "throughput" : 6.024096385542169,
    "receivedKBytesPerSec" : 1.029508659638554,
    "sentKBytesPerSec" : 4.114681381777108
  },
  "Update Education" : {
    "transaction" : "Update Education",
    "sampleCount" : 100,
    "errorCount" : 0,
    "errorPct" : 0.0,
    "meanResTime" : 180.74000000000004,
    "medianResTime" : 135.5,
    "minResTime" : 56.0,
    "maxResTime" : 760.0,
    "pct1ResTime" : 377.00000000000017,
    "pct2ResTime" : 425.49999999999966,
    "pct3ResTime" : 757.3499999999987,
    "throughput" : 5.938242280285036,
    "receivedKBytesPerSec" : 1.2644860636876485,
    "sentKBytesPerSec" : 4.267415751187649
  },
  "Add Language" : {
    "transaction" : "Add Language",
    "sampleCount" : 100,
    "errorCount" : 0,
    "errorPct" : 0.0,
    "meanResTime" : 229.47,
    "medianResTime" : 67.0,
    "minResTime" : 27.0,
    "maxResTime" : 1466.0,
    "pct1ResTime" : 1150.000000000001,
    "pct2ResTime" : 1261.8,
    "pct3ResTime" : 1465.1199999999994,
    "throughput" : 5.525777753218766,
    "receivedKBytesPerSec" : 1.117027338785434,
    "sentKBytesPerSec" : 3.244343848427916
  },
  "Add Certifications" : {
    "transaction" : "Add Certifications",
    "sampleCount" : 100,
    "errorCount" : 0,
    "errorPct" : 0.0,
    "meanResTime" : 84.30999999999999,
    "medianResTime" : 61.0,
    "minResTime" : 14.0,
    "maxResTime" : 683.0,
    "pct1ResTime" : 164.00000000000006,
    "pct2ResTime" : 201.34999999999985,
    "pct3ResTime" : 678.959999999998,
    "throughput" : 6.003121623244087,
    "receivedKBytesPerSec" : 1.2135216562612559,
    "sentKBytesPerSec" : 3.867909750570296
  },
  "View Manage listing" : {
    "transaction" : "View Manage listing",
    "sampleCount" : 100,
    "errorCount" : 0,
    "errorPct" : 0.0,
    "meanResTime" : 179.22,
    "medianResTime" : 89.0,
    "minResTime" : 37.0,
    "maxResTime" : 700.0,
    "pct1ResTime" : 413.0,
    "pct2ResTime" : 465.44999999999965,
    "pct3ResTime" : 699.81,
    "throughput" : 7.4487895716946,
    "receivedKBytesPerSec" : 3.2661196461824953,
    "sentKBytesPerSec" : 4.524557728119181
  },
  "Add Skills" : {
    "transaction" : "Add Skills",
    "sampleCount" : 100,
    "errorCount" : 0,
    "errorPct" : 0.0,
    "meanResTime" : 81.22999999999998,
    "medianResTime" : 53.5,
    "minResTime" : 16.0,
    "maxResTime" : 401.0,
    "pct1ResTime" : 179.80000000000007,
    "pct2ResTime" : 213.84999999999997,
    "pct3ResTime" : 399.9999999999995,
    "throughput" : 5.948839976204639,
    "receivedKBytesPerSec" : 1.2042334361986913,
    "sentKBytesPerSec" : 3.6653916939321833
  },
  "Delete Certifications" : {
    "transaction" : "Delete Certifications",