{
  "Signout" : {
    "transaction" : "Signout",
    "sampleCount" : 1774,
    "errorCount" : 0,
    "errorPct" : 0.0,
    "meanResTime" : 32.136978579481394,
    "medianResTime" : 15.0,
    "minResTime" : 8.0,
    "maxResTime" : 450.0,
    "pct1ResTime" : 79.0,
    "pct2ResTime" : 119.0,
    "pct3ResTime" : 221.5,
    "throughput" : 7.474131248104082,
    "receivedKBytesPerSec" : 1.516191537252688,
    "sentKBytesPerSec" : 3.9268384877734337
  },
  "Share Skill Add" : {
    "transaction" : "Share Skill Add",
    "sampleCount" : 1798,
    "errorCount" : 0,
    "errorPct" : 0.0,
    "meanResTime" : 36202.70244716351,
    "medianResTime" : 46.0,
    "minResTime" : 19.0,
    "maxResTime" : 2.1647687E7,
    "pct1ResTime" : 165.10000000000014,
    "pct2ResTime" : 278.0999999999999,
    "pct3ResTime" : 751.0899999999999,
    "throughput" : 0.08213730964404395,
    "receivedKBytesPerSec" : 0.017971417720914415,
    "sentKBytesPerSec" : 0.13427525033606402
  },
  "Update Skills" : {
    "transaction" : "Update Skills",
    "sampleCount" : 1840,
    "errorCount" : 2,
    "errorPct" : 0.10869565,
    "meanResTime" : 23621.479347826087,
    "medianResTime" : 51.0,
    "minResTime" : 19.0,
    "maxResTime" : 2.1645995E7,
    "pct1ResTime" : 185.9000000000001,
    "pct2ResTime" : 284.0,
    "pct3ResTime" : 741.9499999999996,
    "throughput" : 0.08404198463502416,
    "receivedKBytesPerSec" : 0.01700024081282941,
    "sentKBytesPerSec" : 0.05420310136961487
  },
  "Add Educatiom" : {
    "transaction" : "Add Educatiom",
    "sampleCount" : 1838,
    "errorCount" : 2,
    "errorPct" : 0.10881393,
    "meanResTime" : 35381.59357997824,
    "medianResTime" : 20.0,
    "minResTime" : 11.0,
    "maxResTime" : 2.1650397E7,
    "pct1ResTime" : 114.0,
    "pct2ResTime" : 192.0999999999999,
    "pct3ResTime" : 403.6099999999999,
    "throughput" : 0.08393874955650153,
    "receivedKBytesPerSec" : 0.016969603406305697,
    "sentKBytesPerSec" : 0.05685958854245658
  },
  "Delete Education" : {
    "transaction" : "Delete Education",
    "sampleCount" : 1832,
    "errorCount" : 1,
    "errorPct" : 0.05458515,
    "meanResTime" : 11852.744541484715,
    "medianResTime" : 15.0,
    "minResTime" : 8.0,
    "maxResTime" : 2.1646154E7,
    "pct1ResTime" : 101.0,
    "pct2ResTime" : 148.3499999999999,
    "pct3ResTime" : 264.6700000000001,
    "throughput" : 0.08368430188472396,
    "receivedKBytesPerSec" : 0.01781372976982249,
    "sentKBytesPerSec" : 0.048625155880283946
  },
  "Categories" : {
    "transaction" : "Categories",
    "sampleCount" : 1789,
    "errorCount" : 13,
    "errorPct" : 0.72666293,
    "meanResTime" : 182952.87311347123,
    "medianResTime" : 988.0,
    "minResTime" : 370.0,
    "maxResTime" : 2.1650626E7,
    "pct1ResTime" : 3375.0,
    "pct2ResTime" : 3795.5,
    "pct3ResTime" : 5217.899999999987,
    "throughput" : 0.08172905607280236,
    "receivedKBytesPerSec" : 0.4288763821615713,
    "sentKBytesPerSec" : 0.059062013177611075
  },
  "Add Description" : {
    "transaction" : "Add Description",
    "sampleCount" : 1815,
    "errorCount" : 3,
    "errorPct" : 0.16528925,
    "meanResTime" : 202822.49752066119,
    "medianResTime" : 45.0,
    "minResTime" : 25.0,
    "maxResTime" : 2.1650688E7,
    "pct1ResTime" : 168.80000000000018,
    "pct2ResTime" : 281.59999999999945,
    "pct3ResTime" : 1220.1999999999996,
    "throughput" : 0.08289939420868028,
    "receivedKBytesPerSec" : 0.01781991739760486,
    "sentKBytesPerSec" : 0.05165020850111135
  },
  "Delete Skills" : {
    "transaction" : "Delete Skills",
    "sampleCount" : 1838,
    "errorCount" : 0,
    "errorPct" : 0.0,
    "meanResTime" : 36.50489662676819,
    "medianResTime" : 15.0,
    "minResTime" : 7.0,
    "maxResTime" : 571.0,
    "pct1ResTime" : 96.20000000000027,
    "pct2ResTime" : 139.0,
    "pct3ResTime" : 256.0,
    "throughput" : 7.448714103925367,
    "receivedKBytesPerSec" : 1.4030452647170868,
    "sentKBytesPerSec" : 4.818603814426514
  },
  "Delete Language Request" : {
    "transaction" : "Delete Language Request",
    "sampleCount" : 1849,
    "errorCount" : 11,
    "errorPct" : 0.59491616,
    "meanResTime" : 46864.538128718224,
    "medianResTime" : 15.0,
    "minResTime" : 8.0,
    "maxResTime" : 2.1646236E7,
    "pct1ResTime" : 99.0,
    "pct2ResTime" : 127.0,
    "pct3ResTime" : 277.5,
    "throughput" : 0.08444825352196945,
    "receivedKBytesPerSec" : 0.016244876057116067,
    "sentKBytesPerSec" : 0.04898658456254869
  },
  "Delete Manage Listing" : {
    "transaction" : "Delete Manage Listing",
    "sampleCount" : 1791,
    "errorCount" : 0,
    "errorPct" : 0.0,
    "meanResTime" : 24287.592964824118,
    "medianResTime" : 54.0,
    "minResTime" : 33.0,
    "maxResTime" : 2.1650126E7,
    "pct1ResTime" : 226.79999999999995,
    "pct2ResTime" : 418.39999999999986,
    "pct3ResTime" : 897.2399999999998,
    "throughput" : 0.08181575612490977,
    "receivedKBytesPerSec" : 0.015100759675398385,
    "sentKBytesPerSec" : 0.04769922500641712
  },
  "Update Certifications" : {
    "transaction" : "Update Certifications",
    "sampleCount" : 1831,
    "errorCount" : 8,
    "errorPct" : 0.43691972,
    "meanResTime" : 94674.35117422175,
    "medianResTime" : 51.0,
    "minResTime" : 18.0,
    "maxResTime" : 2.1650428E7,
    "pct1ResTime" : 204.0,
    "pct2ResTime" : 299.0,
    "pct3ResTime" : 801.7600000000004,
    "throughput" : 0.0836265553180529,
    "receivedKBytesPerSec" : 0.014333306056316435,
    "sentKBytesPerSec" : 0.05713880340276043
  },
  "Update Education" : {
    "transaction" : "Update Education",
    "sampleCount" : 1835,
    "errorCount" : 2,
    "errorPct" : 0.108991824,
    "meanResTime" : 35492.25613079019,
    "medianResTime" : 52.0,
    "minResTime" : 20.0,
    "maxResTime" : 2.1650902E7,
    "pct1ResTime" : 212.60000000000036,
    "pct2ResTime" : 378.0,
    "pct3ResTime" : 737.4399999999973,
    "throughput" : 0.08380214200101704,
    "receivedKBytesPerSec" : 0.017839084845216076,
    "sentKBytesPerSec" : 0.06022828512674104
  },
  "Add Language" : {
    "transaction" : "Add Language",
    "sampleCount" : 1861,
    "errorCount" : 2,
    "errorPct" : 0.107469104,
    "meanResTime" : 81468.38151531435,
    "medianResTime" : 18.0,
    "minResTime" : 10.0,
    "maxResTime" : 2.165031E7,
    "pct1ResTime" : 100.79999999999995,
    "pct2ResTime" : 179.89999999999986,
    "pct3ResTime" : 528.0,
    "throughput" : 0.08497545392006244,
    "receivedKBytesPerSec" : 0.017188401665591956,
    "sentKBytesPerSec" : 0.04992969648169658
  },
  "Add Certifications" : {
    "transaction" : "Add Certifications",
    "sampleCount" : 1831,
    "errorCount" : 0,
    "errorPct" : 0.0,
    "meanResTime" : 46.535226652102644,
    "medianResTime" : 19.0,
    "minResTime" : 10.0,
    "maxResTime" : 927.0,
    "pct1ResTime" : 110.0,
    "pct2ResTime" : 180.59999999999945,
    "pct3ResTime" : 361.76000000000045,
    "throughput" : 7.486150009199256,
    "receivedKBytesPerSec" : 1.5134412946930516,
    "sentKBytesPerSec" : 4.821647829486682
  },
  "View Manage listing" : {
    "transaction" : "View Manage listing",
    "sampleCount" : 1795,
    "errorCount" : 0,
    "errorPct" : 0.0,
    "meanResTime" : 36260.620055710315,
    "medianResTime" : 39.0,
    "minResTime" : 24.0,
    "maxResTime" : 2.1650713E7,
    "pct1ResTime" : 154.80000000000018,
    "pct2ResTime" : 225.39999999999964,
    "pct3ResTime" : 656.8399999999992,
    "throughput" : 0.081990635801524,
    "receivedKBytesPerSec" : 0.03595097214344168,
    "sentKBytesPerSec" : 0.04980290573100385
  },
  "Add Skills" : {
    "transaction" : "Add Skills",
    "sampleCount" : 1845,
    "errorCount" : 3,
    "errorPct" : 0.16260162,
    "meanResTime" : 58713.22926829268,
    "medianResTime" : 20.0,
    "minResTime" : 10.0,
    "maxResTime" : 2.1650308E7,
    "pct1ResTime" : 115.0,
    "pct2ResTime" : 175.39999999999964,
    "pct3ResTime" : 506.31999999999607,
    "throughput" : 0.08425200748103029,