{
  "Signout" : {
    "transaction" : "Signout",
    "sampleCount" : 300,
    "errorCount" : 0,
    "errorPct" : 0.0,
    "meanResTime" : 37.73333333333334,
    "medianResTime" : 23.0,
    "minResTime" : 10.0,
    "maxResTime" : 226.0,
    "pct1ResTime" : 85.50000000000017,
    "pct2ResTime" : 145.5499999999999,
    "pct3ResTime" : 218.91000000000008,
    "throughput" : 6.209380303845676,
    "receivedKBytesPerSec" : 1.2588346222109534,
    "sentKBytesPerSec" : 3.2623501987001697
  },
  "Share Skill Add" : {
    "transaction" : "Share Skill Add",
    "sampleCount" : 300,
    "errorCount" : 0,
    "errorPct" : 0.0,
    "meanResTime" : 383.31999999999994,
    "medianResTime" : 87.5,
    "minResTime" : 25.0,
    "maxResTime" : 8857.0,
    "pct1ResTime" : 561.0,
    "pct2ResTime" : 1009.6499999999999,
    "pct3ResTime" : 8781.76,
    "throughput" : 6.268937415108139,
    "receivedKBytesPerSec" : 1.3713300595549056,
    "sentKBytesPerSec" : 10.248243391495143
  },
  "Update Skills" : {
    "transaction" : "Update Skills",
    "sampleCount" : 300,
    "errorCount" : 0,
    "errorPct" : 0.0,
    "meanResTime" : 187.76999999999998,
    "medianResTime" : 125.0,
    "minResTime" : 42.0,
    "maxResTime" : 596.0,
    "pct1ResTime" : 448.80000000000007,
    "pct2ResTime" : 484.74999999999994,
    "pct3ResTime" : 524.8400000000001,
    "throughput" : 7.869058860560277,
    "receivedKBytesPerSec" : 1.5923061096684503,
    "sentKBytesPerSec" : 5.074364655466373
  },
  "Add Educatiom" : {
    "transaction" : "Add Educatiom",
    "sampleCount" : 300,
    "errorCount" : 0,
    "errorPct" : 0.0,
    "meanResTime" : 86.9933333333333,
    "medianResTime" : 52.5,
    "minResTime" : 14.0,
    "maxResTime" : 300.0,
    "pct1ResTime" : 185.90000000000003,
    "pct2ResTime" : 204.95,
    "pct3ResTime" : 294.8800000000001,
    "throughput" : 7.788161993769471,
    "receivedKBytesPerSec" : 1.5747704114745587,
    "sentKBytesPerSec" : 5.272981162383177
  },
  "Delete Education" : {
    "transaction" : "Delete Education",
    "sampleCount" : 300,
    "errorCount" : 0,
    "errorPct" : 0.0,
    "meanResTime" : 75.88999999999997,
    "medianResTime" : 39.0,
    "minResTime" : 7.0,
    "maxResTime" : 246.0,
    "pct1ResTime" : 184.90000000000003,
    "pct2ResTime" : 198.0,
    "pct3ResTime" : 236.97000000000003,
    "throughput" : 7.700205338809035,
    "receivedKBytesPerSec" : 1.6393516587525667,
    "sentKBytesPerSec" : 4.473839354466119
  },
  "Categories" : {
    "transaction" : "Categories",
    "sampleCount" : 300,
    "errorCount" : 0,
    "errorPct" : 0.0,
    "meanResTime" : 2243.0299999999993,
    "medianResTime" : 1592.5,
    "minResTime" : 413.0,
    "maxResTime" : 11531.0,
    "pct1ResTime" : 4443.8,
    "pct2ResTime" : 10662.45,
    "pct3ResTime" : 11363.590000000002,
    "throughput" : 6.088403620570686,
    "receivedKBytesPerSec" : 32.17816444778179,
    "sentKBytesPerSec" : 4.399822928928035
  },
  "Add Description" : {
    "transaction" : "Add Description",
    "sampleCount" : 300,
    "errorCount" : 0,
    "errorPct" : 0.0,
    "meanResTime" : 171.49666666666658,
    "medianResTime" : 112.5,
    "minResTime" : 30.0,
    "maxResTime" : 595.0,
    "pct1ResTime" : 414.90000000000003,
    "pct2ResTime" : 454.0,
    "pct3ResTime" : 549.5600000000004,
    "throughput" : 7.633199328278459,
    "receivedKBytesPerSec" : 1.6399451681848252,
    "sentKBytesPerSec" : 4.7558409877359935
  },
  "Delete Skills" : {
    "transaction" : "Delete Skills",
    "sampleCount" : 300,
    "errorCount" : 0,
    "errorPct" : 0.0,
    "meanResTime" : 75.02999999999996,
    "medianResTime" : 38.0,
    "minResTime" : 11.0,
    "maxResTime" : 405.0,
    "pct1ResTime" : 199.80000000000007,
    "pct2ResTime" : 208.95,
    "pct3ResTime" : 399.7900000000002,
    "throughput" : 7.812093120149992,
    "receivedKBytesPerSec" : 1.4715826975157544,
    "sentKBytesPerSec" : 5.052888277303265
  },
  "Delete Language Request" : {
    "transaction" : "Delete Language Request",
    "sampleCount" : 300,
    "errorCount" : 0,
    "errorPct" : 0.0,
    "meanResTime" : 60.55000000000001,
    "medianResTime" : 37.0,
    "minResTime" : 9.0,
    "maxResTime" : 378.0,
    "pct1ResTime" : 139.0,
    "pct2ResTime" : 199.95,
    "pct3ResTime" : 233.93000000000006,
    "throughput" : 7.988071147087017,
    "receivedKBytesPerSec" : 1.539237863124401,
    "sentKBytesPerSec" : 4.6337053333688365
  },
  "Delete Manage Listing" : {
    "transaction" : "Delete Manage Listing",
    "sampleCount" : 300,
    "errorCount" : 0,
    "errorPct" : 0.0,
    "meanResTime" : 285.91333333333324,
    "medianResTime" : 130.0,
    "minResTime" : 45.0,
    "maxResTime" : 8102.0,
    "pct1ResTime" : 556.3000000000002,
    "pct2ResTime" : 742.8,
    "pct3ResTime" : 2196.84,
    "throughput" : 6.297757998152658,
    "receivedKBytesPerSec" : 1.1623791617684103,
    "sentKBytesPerSec" : 3.67164211415736
  },
  "Update Certifications" : {
    "transaction" : "Update Certifications",
    "sampleCount" : 300,
    "errorCount" : 0,
    "errorPct" : 0.0,
    "meanResTime" : 197.18666666666675,
    "medianResTime" : 132.0,
    "minResTime" : 39.0,
    "maxResTime" : 512.0,
    "pct1ResTime" : 432.80000000000007,
    "pct2ResTime" : 450.0,
    "pct3ResTime" : 491.84000000000015,
    "throughput" : 7.629704984740591,
    "receivedKBytesPerSec" : 1.3062889432858595,
    "sentKBytesPerSec" : 5.212216071655646
  },
  "Update Education" : {
    "transaction" : "Update Education",
    "sampleCount" : 300,
    "errorCount" : 1,
    "errorPct" : 0.33333334,
    "meanResTime" : 224.8266666666666,
    "medianResTime" : 135.5,
    "minResTime" : 43.0,
    "maxResTime" : 615.0,
    "pct1ResTime" : 529.9000000000001,
    "pct2ResTime" : 551.8,
    "pct3ResTime" : 592.98,
    "throughput" : 7.700205338809035,
    "receivedKBytesPerSec" : 1.6367448184034907,
    "sentKBytesPerSec" : 5.534271929543121
  },
  "Add Language" : {
    "transaction" : "Add Language",
    "sampleCount" : 300,
    "errorCount" : 0,
    "errorPct" : 0.0,
    "meanResTime" : 104.39333333333335,
    "medianResTime" : 61.0,
    "minResTime" : 17.0,
    "maxResTime" : 328.0,
    "pct1ResTime" : 264.90000000000003,
    "pct2ResTime" : 291.84999999999997,
    "pct3ResTime" : 319.98,
    "throughput" : 8.017531669250094,
    "receivedKBytesPerSec" : 1.6207314995456732,
    "sentKBytesPerSec" : 4.708707832794377
  },
  "Add Certifications" : {
    "transaction" : "Add Certifications",
    "sampleCount" : 300,
    "errorCount" : 0,
    "errorPct" : 0.0,
    "meanResTime" : 89.83333333333339,
    "medianResTime" : 57.5,
    "minResTime" : 13.0,
    "maxResTime" : 281.0,
    "pct1ResTime" : 222.90000000000003,
    "pct2ResTime" : 238.89999999999998,
    "pct3ResTime" : 276.96000000000004,
    "throughput" : 7.6850167789533,
    "receivedKBytesPerSec" : 1.5535141340266927,
    "sentKBytesPerSec" : 4.950681805082358
  },
  "View Manage listing" : {
    "transaction" : "View Manage listing",
    "sampleCount" : 300,
    "errorCount" : 0,
    "errorPct" : 0.0,
    "meanResTime" : 117.9833333333333,
    "medianResTime" : 71.5,
    "minResTime" : 30.0,
    "maxResTime" : 423.0,
    "pct1ResTime" : 268.2000000000003,
    "pct2ResTime" : 377.95,
    "pct3ResTime" : 414.98,
    "throughput" : 6.295247088448221,
    "receivedKBytesPerSec" : 2.7603183034309096,
    "sentKBytesPerSec" : 3.8238707900535096
  },
  "Add Skills" : {
    "transaction" : "Add Skills",
    "sampleCount" : 300,
    "errorCount" : 0,
    "errorPct" : 0.0,
    "meanResTime" : 92.04000000000005,
    "medianResTime" : 52.0,
    "minResTime" : 13.0,
    "maxResTime" : 301.0,
    "pct1ResTime" : 235.90000000000003,
    "pct2ResTime" : 248.74999999999994,
    "pct3ResTime" : 280.0,
    "throughput" : 7.941760423560556,
    "receivedKBytesPerSec" : 1.6061641710787558,
    "sentKBytesPerSec" : 4.895867802779616
  },
  "Delete Certifications" : {
    "transaction" : "Delete Certifications",
    "sampleCount" : 300,
    "errorCount" : 0,