{
  "Signout" : {
    "transaction" : "Signout",
    "sampleCount" : 1000,
    "errorCount" : 0,
    "errorPct" : 0.0,
    "meanResTime" : 381.6079999999998,
    "medianResTime" : 14.5,
    "minResTime" : 8.0,
    "maxResTime" : 118585.0,
    "pct1ResTime" : 33.0,
    "pct2ResTime" : 50.0,
    "pct3ResTime" : 95.98000000000002,
    "throughput" : 3.285280628671301,
    "receivedKBytesPerSec" : 0.6665462234877854,
    "sentKBytesPerSec" : 1.7260556427980078
  },
  "Total" : {
    "transaction" : "Total",
    "sampleCount" : 5000,
    "errorCount" : 19,
    "errorPct" : 0.38,
    "meanResTime" : 10398.712999999962,
    "medianResTime" : 37.0,
    "minResTime" : 8.0,
    "maxResTime" : 133980.0,
    "pct1ResTime" : 22409.9,
    "pct2ResTime" : 118888.09999999999,
    "pct3ResTime" : 129614.93,
    "throughput" : 16.30486178368666,
    "receivedKBytesPerSec" : 4.328822975466075,
    "sentKBytesPerSec" : 8.85644106750376
  },
  "SignIn" : {
    "transaction" : "SignIn",
    "sampleCount" : 1000,
    "errorCount" : 0,
    "errorPct" : 0.0,
    "meanResTime" : 29193.96300000002,
    "medianResTime" : 2999.5,
    "minResTime" : 83.0,
    "maxResTime" : 133980.0,
    "pct1ResTime" : 124419.3,
    "pct2ResTime" : 129614.65,
    "pct3ResTime" : 132560.1,
    "throughput" : 3.283608554457006,
    "receivedKBytesPerSec" : 1.5776712976492646,
    "sentKBytesPerSec" : 1.1472876982889115
  },
  "Update Language" : {
    "transaction" : "Update Language",
    "sampleCount" : 1000,
    "errorCount" : 0,
    "errorPct" : 0.0,
    "meanResTime" : 7237.424999999994,
    "medianResTime" : 58.0,
    "minResTime" : 31.0,
    "maxResTime" : 121577.0,
    "pct1ResTime" : 1881.9,
    "pct2ResTime" : 118428.7,
    "pct3ResTime" : 121247.95,
    "throughput" : 3.2850755731635606,
    "receivedKBytesPerSec" : 0.6898979511804919,
    "sentKBytesPerSec" : 2.1585320496079263
  },
  "Delete Language Request" : {
    "transaction" : "Delete Language Request",
    "sampleCount" : 1000,
    "errorCount" : 10,
    "errorPct" : 1.0,
    "meanResTime" : 502.41500000000116,
    "medianResTime" : 16.0,
    "minResTime" : 8.0,
    "maxResTime" : 116357.0,
    "pct1ResTime" : 66.0,
    "pct2ResTime" : 100.94999999999993,
    "pct3ResTime" : 1558.5400000000122,
    "throughput" : 3.2853453883606787,
    "receivedKBytesPerSec" : 0.7074593459041599,
    "sentKBytesPerSec" : 1.9056960343006486
  },
  "Add Language" : {
    "transaction" : "Add Language",
    "sampleCount" : 1000,
    "errorCount" : 9,
    "errorPct" : 0.9,
    "meanResTime" : 14678.153999999979,
    "medianResTime" : 28.0,
    "minResTime" : 10.0,
    "maxResTime" : 121770.0,
    "pct1ResTime" : 118614.5,
    "pct2ResTime" : 121126.85,
    "pct3ResTime" : 121537.95,
    "throughput" : 3.285161909204695,
    "receivedKBytesPerSec" : 0.7186580411318697,
    "sentKBytesPerSec" : 1.9841351318499731
  }
}