{
  "Signout" : {
    "transaction" : "Signout",
    "sampleCount" : 500,
    "errorCount" : 0,
    "errorPct" : 0.0,
    "meanResTime" : 23.959999999999997,
    "medianResTime" : 14.0,
    "minResTime" : 8.0,
    "maxResTime" : 3876.0,
    "pct1ResTime" : 21.0,
    "pct2ResTime" : 25.0,
    "pct3ResTime" : 51.930000000000064,
    "throughput" : 3.3645564168819986,
    "receivedKBytesPerSec" : 0.6826303828696975,
    "sentKBytesPerSec" : 1.7677063987133936
  },
  "Share Skill Add" : {
    "transaction" : "Share Skill Add",
    "sampleCount" : 500,
    "errorCount" : 0,
    "errorPct" : 0.0,
    "meanResTime" : 45.469999999999985,
    "medianResTime" : 31.0,
    "minResTime" : 23.0,
    "maxResTime" : 1754.0,
    "pct1ResTime" : 45.0,
    "pct2ResTime" : 65.94999999999999,
    "pct3ResTime" : 342.98000000000184,
    "throughput" : 3.35974089678204,
    "receivedKBytesPerSec" : 0.7349433211710713,
    "sentKBytesPerSec" : 5.492388926965952
  },
  "Update Skills" : {
    "transaction" : "Update Skills",
    "sampleCount" : 500,
    "errorCount" : 0,
    "errorPct" : 0.0,
    "meanResTime" : 59.316000000000024,
    "medianResTime" : 47.0,
    "minResTime" : 36.0,
    "maxResTime" : 4211.0,
    "pct1ResTime" : 64.0,
    "pct2ResTime" : 80.0,
    "pct3ResTime" : 113.99000000000001,
    "throughput" : 3.355479498020267,
    "receivedKBytesPerSec" : 0.6791175927790082,
    "sentKBytesPerSec" : 2.1638713949567143
  },
  "Add Educatiom" : {
    "transaction" : "Add Educatiom",
    "sampleCount" : 500,
    "errorCount" : 0,
    "errorPct" : 0.0,
    "meanResTime" : 22.584000000000017,
    "medianResTime" : 19.0,
    "minResTime" : 13.0,
    "maxResTime" : 470.0,
    "pct1ResTime" : 31.0,
    "pct2ResTime" : 38.0,
    "pct3ResTime" : 64.96000000000004,
    "throughput" : 3.35635794886253,
    "receivedKBytesPerSec" : 0.6786922874250693,
    "sentKBytesPerSec" : 2.2719068958891326
  },
  "Delete Education" : {
    "transaction" : "Delete Education",
    "sampleCount" : 500,
    "errorCount" : 0,
    "errorPct" : 0.0,
    "meanResTime" : 17.556000000000008,
    "medianResTime" : 16.0,
    "minResTime" : 5.0,
    "maxResTime" : 89.0,
    "pct1ResTime" : 24.0,
    "pct2ResTime" : 27.0,
    "pct3ResTime" : 47.0,
    "throughput" : 3.357597571785436,
    "receivedKBytesPerSec" : 0.7148272767869135,
    "sentKBytesPerSec" : 1.950737957976309
  },
  "Categories" : {
    "transaction" : "Categories",
    "sampleCount" : 500,
    "errorCount" : 0,
    "errorPct" : 0.0,
    "meanResTime" : 493.77600000000024,
    "medianResTime" : 418.0,
    "minResTime" : 382.0,
    "maxResTime" : 2416.0,
    "pct1ResTime" : 515.2000000000003,
    "pct2ResTime" : 790.6999999999999,
    "pct3ResTime" : 2097.8500000000004,
    "throughput" : 3.353656491672871,
    "receivedKBytesPerSec" : 17.724598567317944,
    "sentKBytesPerSec" : 2.423540824060473
  },
  "Add Description" : {
    "transaction" : "Add Description",
    "sampleCount" : 500,
    "errorCount" : 0,
    "errorPct" : 0.0,
    "meanResTime" : 45.762000000000036,
    "medianResTime" : 41.0,
    "minResTime" : 30.0,
    "maxResTime" : 187.0,
    "pct1ResTime" : 58.900000000000034,
    "pct2ResTime" : 74.0,
    "pct3ResTime" : 139.98000000000002,
    "throughput" : 3.3591088955921773,
    "receivedKBytesPerSec" : 0.7216835517873819,
    "sentKBytesPerSec" : 2.0928823001834074
  },
  "Delete Skills" : {
    "transaction" : "Delete Skills",
    "sampleCount" : 500,
    "errorCount" : 0,
    "errorPct" : 0.0,
    "meanResTime" : 17.718000000000004,
    "medianResTime" : 16.0,
    "minResTime" : 10.0,
    "maxResTime" : 92.0,
    "pct1ResTime" : 25.0,
    "pct2ResTime" : 31.94999999999999,
    "pct3ResTime" : 43.0,
    "throughput" : 3.3564030100222197,
    "receivedKBytesPerSec" : 0.6328327433056542,
    "sentKBytesPerSec" : 2.1710224211916573
  },
  "Delete Language Request" : {
    "transaction" : "Delete Language Request",
    "sampleCount" : 500,
    "errorCount" : 0,
    "errorPct" : 0.0,
    "meanResTime" : 17.661999999999995,
    "medianResTime" : 16.0,
    "minResTime" : 9.0,
    "maxResTime" : 63.0,
    "pct1ResTime" : 23.0,
    "pct2ResTime" : 30.94999999999999,
    "pct3ResTime" : 47.99000000000001,
    "throughput" : 3.355209297956007,
    "receivedKBytesPerSec" : 0.6466445076062595,
    "sentKBytesPerSec" : 1.9462835185408867
  },
  "Delete Manage Listing" : {
    "transaction" : "Delete Manage Listing",
    "sampleCount" : 500,
    "errorCount" : 0,
    "errorPct" : 0.0,
    "meanResTime" : 55.70399999999996,
    "medianResTime" : 51.0,
    "minResTime" : 41.0,
    "maxResTime" : 169.0,
    "pct1ResTime" : 69.80000000000007,
    "pct2ResTime" : 90.0,
    "pct3ResTime" : 133.99,
    "throughput" : 3.361095986179173,
    "receivedKBytesPerSec" : 0.6203585365115857,
    "sentKBytesPerSec" : 1.95954521850485
  },
  "Update Certifications" : {
    "transaction" : "Update Certifications",
    "sampleCount" : 500,
    "errorCount" : 3,
    "errorPct" : 0.6,
    "meanResTime" : 52.064000000000036,
    "medianResTime" : 47.0,
    "minResTime" : 35.0,
    "maxResTime" : 179.0,
    "pct1ResTime" : 66.0,
    "pct2ResTime" : 83.94999999999999,
    "pct3ResTime" : 148.8800000000001,
    "throughput" : 3.3576877618996455,
    "receivedKBytesPerSec" : 0.572564459210809,
    "sentKBytesPerSec" : 2.2940352355753735
  },
  "Update Education" : {
    "transaction" : "Update Education",
    "sampleCount" : 500,
    "errorCount" : 2,
    "errorPct" : 0.4,
    "meanResTime" : 55.69599999999995,
    "medianResTime" : 51.0,
    "minResTime" : 17.0,
    "maxResTime" : 285.0,
    "pct1ResTime" : 67.0,
    "pct2ResTime" : 85.84999999999997,
    "pct3ResTime" : 150.94000000000005,
    "throughput" : 3.3567184720217513,
    "receivedKBytesPerSec" : 0.7132043339431371,
    "sentKBytesPerSec" : 2.4140771856433147
  },
  "Add Language" : {
    "transaction" : "Add Language",
    "sampleCount" : 500,
    "errorCount" : 0,
    "errorPct" : 0.0,
    "meanResTime" : 73.97399999999998,
    "medianResTime" : 20.5,
    "minResTime" : 13.0,
    "maxResTime" : 3903.0,
    "pct1ResTime" : 31.0,
    "pct2ResTime" : 43.849999999999966,
    "pct3ResTime" : 2362.9100000000026,
    "throughput" : 3.3522174918708725,
    "receivedKBytesPerSec" : 0.6776455281418658,
    "sentKBytesPerSec" : 1.9696634792665348
  },
  "Add Certifications" : {
    "transaction" : "Add Certifications",
    "sampleCount" : 500,
    "errorCount" : 0,
    "errorPct" : 0.0,
    "meanResTime" : 20.23799999999999,
    "medianResTime" : 18.0,
    "minResTime" : 11.0,
    "maxResTime" : 65.0,
    "pct1ResTime" : 28.0,
    "pct2ResTime" : 32.94999999999999,
    "pct3ResTime" : 50.99000000000001,
    "throughput" : 3.357755407665084,
    "receivedKBytesPerSec" : 0.6787650091666723,
    "sentKBytesPerSec" : 2.162820760078303
  },
  "View Manage listing" : {
    "transaction" : "View Manage listing",
    "sampleCount" : 500,
    "errorCount" : 0,
    "errorPct" : 0.0,
    "meanResTime" : 50.57800000000003,
    "medianResTime" : 38.0,
    "minResTime" : 28.0,
    "maxResTime" : 4141.0,
    "pct1ResTime" : 55.900000000000034,
    "pct2ResTime" : 73.94999999999999,
    "pct3ResTime" : 104.98000000000002,
    "throughput" : 3.3604408898447473,
    "receivedKBytesPerSec" : 1.4734745698635663,
    "sentKBytesPerSec" : 2.041205306136165
  },
  "Add Skills" : {
    "transaction" : "Add Skills",
    "sampleCount" : 500,
    "errorCount" : 0,
    "errorPct" : 0.0,
    "meanResTime" : 20.309999999999995,
    "medianResTime" : 19.0,
    "minResTime" : 11.0,
    "maxResTime" : 69.0,
    "pct1ResTime" : 27.900000000000034,
    "pct2ResTime" : 34.94999999999999,
    "pct3ResTime" : 49.98000000000002,
    "throughput" : 3.3555920942250257,
    "receivedKBytesPerSec" : 0.6787078244018657,
    "sentKBytesPerSec" : 2.0694631157511494
  },
  "Delete Certifications" : {
    "transaction" : "Delete Certifications",
    "sampleCount" : 500,
    "errorCount" : 0,
    "errorPct" : 0.0,
    "meanResTime" : 18.014,